{"train/loss": 0.0224, "train/grad_norm": 0.008515306748449802, "train/learning_rate": 2.795933188090051e-06, "train/epoch": 3.0, "train/global_step": 1377, "_timestamp": 1723164938.0870626, "_runtime": 53969.67281770706, "_step": 19, "train_runtime": 147.2451, "train_samples_per_second": 74.733, "train_steps_per_second": 9.352, "total_flos": 405144068625744.0, "train_loss": 0.05152484326580771}